{
  "id": 10,
  "first_name": "test+firstlogin",
  "last_name": "New",
  "phone_number": "242.208.1561",
  "email": "test+firstlogin@negobot.co",
  "type": "admin",
  "status": "active",
  "profile_image_url": "http://via.placeholder.com/500x500",
  "twilio_user_id": null,
  "device_token": null,
  "app_status": null,
  "first_signin": true,
  "Staff": {
    "id": 17,
    "organisation_id": 1,
    "user_id": 10,
    "type": "admin",
    "Organisation": {
      "id": 1,
      "name": "Org Name",
      "workspace_id": "1d167ef0-39ef-4fc7-bda0-829d6bcbd5cd",
      "status": "active"
    }
  }
}
