[
    {
        "id": 6,
        "name": "org_qui",
        "owner": "test+staff@negobot.co",
        "status": "active",
        "workspace_id": "1d167ef0-39ef-4fc7-bda0-829d6bcbd5cd"
    },
    {
        "id": 5,
        "name": "org_soluta",
        "owner": "test+staff@negobot.co",
        "status": "active",
        "workspace_id": "1d167ef0-39ef-4fc7-bda0-829d6bcbd5cd"
    },
    {
        "id": 4,
        "name": "org_delete",
        "owner": "test+staff@negobot.co",
        "status": "active",
        "workspace_id": "1d167ef0-39ef-4fc7-bda0-829d6bcbd5cd"
    },
    {

        "id": 3,
        "name": "org_put",
        "owner": "test+staff@negobot.co",
        "status": "active",
        "workspace_id": "1d167ef0-39ef-4fc7-bda0-829d6bcbd5cd"
    },
    {
        "id": 2,
        "name": "org_get",
        "owner": "test+staff@negobot.co",
        "status": "active",
        "workspace_id": "3ca61bbf-7c48-49fc-92fa-d337f647b23e"
    },
    {
        "id": 1,
        "name": "Org Name",
        "owner": "herbert96@example.org",
        "status": "active",
        "workspace_id": "1d167ef0-39ef-4fc7-bda0-829d6bcbd5cd"
    }

]