[
{
"description": "start the conversationr",
"example": 4,
"intent": "GEN-001-Start_Conversation"
},
{
"description": "",
"example": 16,
"intent": "EG-02_NegotiationRequest"
},
{
"description":"Get a help from agent1.",
"example":11,
"intent": "GEN-002-General_Connect_to_Agent"
},

{
"description":"Describe the categories in that other will invests.",
"example":4,
"intent": "QNA-001-what_tech_categories_do_you_prefer_to_invest_in"
},
{
"description":"",
"example":4,
"intent": "NEG-03-NegotiationClose"   
},
{
 "description":"",
"example":3,
"intent": "NEG-01_SelectProduct"   
}    

]