{
  "0": {
    "created": "2019-03-13T08:39:26.784Z",
    "text": "Thanks",
    "updated": "2019-03-13T08:39:26.784Z"
  },

  "1": {
    "created": "2019-03-13T10:42:40.167Z",
    "text": "hello",
    "updated": "2019-03-21T07:11:55.021Z"
  },
  "2": {
    "created": "2019-03-13T10:42:54.446Z",
    "text": "hey",
    "updated": "2019-03-21T07:12:02.488Z"
  },
  "3": {
    "created": "2019-04-18T05:08:46.308Z",
    "text": "keshav@gmail.com",
    "updated": "2019-04-18T05:08:46.308Z"
  }
}
