[{
    "answer": "",
    "intent": "GEN-001-Start_Conversation",
    "created": "2019-03-13T10:42:22.885Z",
    "description": "start the conversationr",
    "dialogNode": {
        "conditions": "#GEN-001-Start_Conversation",
        "dialog_node": "Welcome",
        "digress_out": "allow_all"
    },
    "examples": [
        {
            "0": {
                "created": "2019-03-13T10:42:36.622Z",
                "text": "Hi",
                "updated": "2019-05-15T07:25:01.887Z"
            },
            "1": {
                "created": "2019-03-13T10:42:40.167Z",
                "text": "hello",
                "updated": "2019-03-21T07:11:55.021Z"
            },
            "2": {
                "created": "2019-03-13T10:42:54.446Z",
                "text": "hey",
                "updated": "2019-03-21T07:12:02.488Z"
            },
            "3": {
                "created": "2019-04-18T05:08:46.308Z",
                "text": "keshav@gmail.com",
                "updated": "2019-04-18T05:08:46.308Z"
            }
        }
    ],
    "old_intent": "GEN-001-Start_Conversation",
    "updated": "2019-05-28T06:21:54.542Z"
}]