[
    {
    "id":4,
    "organisation_id":1,
    "name":"Product D",
    "image_url":"http://via.placeholder.com/140x140",
    "description":"Product D Description",
    "created_at":"2019-05-28T01:45:39.208Z",
    "nego_params":[
    {
    "baseline":100,
    "inverse":"false",
    "min":90,
    "name":"price",
    "weight":0.2
    },
    {
        "baseline":100,
        "inverse":"false",
        "min":90,
        "name":"quantity",
        "weight":0.2
        },
        {
            "baseline":100,
            "inverse":"false",
            "min":90,
            "name":"lead_time",
            "weight":0.2
            },
            {
                "baseline":100,
                "inverse":"false",
                "min":90,
                "name":"payment_terms",
                "weight":0.2
                }

                ] 
            
     },

     {
        "id":3,
        "organisation_id":1,
        "name":"Product C",
        "image_url":"http://via.placeholder.com/140x140",
        "description":"Product C Description",
        "created_at":"2019-05-28T01:45:39.208Z",
        "nego_params":[
        {
        "baseline":100,
        "inverse":"false",
        "min":90,
        "name":"price",
        "weight":0.2
        },
        {
            "baseline":100,
            "inverse":"false",
            "min":90,
            "name":"quantity",
            "weight":0.2
            },
            {
                "baseline":100,
                "inverse":"false",
                "min":90,
                "name":"lead_time",
                "weight":0.2
                },
                {
                    "baseline":100,
                    "inverse":"false",
                    "min":90,
                    "name":"payment_terms",
                    "weight":0.2
                    }

                    ] 
                
         }
     


]